{"prefix": {"roocs": "urn:roocs:", "provone": "http://purl.dataone.org/provone/2015/01/15/ontology#", "dcterms": "http://purl.org/dc/terms/"}, "agent": {"roocs:C3S_CDS": {"prov:type": {"$": "prov:Organization", "type": "prov:QUALIFIED_NAME"}, "prov:label": "Copernicus Climate Data Store", "dcterms:source": "https://cds.climate.copernicus.eu"}, "roocs:rook_v0.9.1": {"prov:type": {"$": "prov:SoftwareAgent", "type": "prov:QUALIFIED_NAME"}, "prov:label": "Rook", "dcterms:source": "https://github.com/roocs/rook/releases/tag/v0.9.1"}, "roocs:daops_v0.8.1": {"prov:type": {"$": "prov:SoftwareAgent", "type": "prov:QUALIFIED_NAME"}, "prov:label": "DAOPS", "dcterms:source": "https://github.com/roocs/daops/releases/tag/v0.8.1"}}, "wasAttributedTo": {"_:id1": {"prov:entity": "roocs:rook_v0.9.1", "prov:agent": "roocs:C3S_CDS"}}, "entity": {"roocs:workflow_63809de1-ee9c-4b1d-98d4-094ceebfd61f": {"prov:type": {"$": "provone:Workflow", "type": "prov:QUALIFIED_NAME"}}, "roocs:c3s-cmip6.ScenarioMIP.EC-Earth-Consortium.EC-Earth3-CC.ssp585.r1i1p1f1.Amon.hurs.gr.v20210113": {"prov:type": {"$": "provone:Data", "type": "prov:QUALIFIED_NAME"}, "prov:label": "c3s-cmip6.ScenarioMIP.EC-Earth-Consortium.EC-Earth3-CC.ssp585.r1i1p1f1.Amon.hurs.gr.v20210113"}, "roocs:hurs_Amon_EC-Earth3-CC_ssp585_r1i1p1f1_gr_21000116-21001216.nc": {"prov:type": {"$": "provone:Data", "type": "prov:QUALIFIED_NAME"}, "prov:label": "hurs_Amon_EC-Earth3-CC_ssp585_r1i1p1f1_gr_21000116-21001216.nc"}}, "activity": {"roocs:orchestrate_63809de1-ee9c-4b1d-98d4-094ceebfd61f": {"prov:type": {"$": "provone:Execution", "type": "prov:QUALIFIED_NAME"}, "prov:label": "orchestrate", "prov:startTime": "2023-03-30T11:12:22", "prov:endTime": "2023-03-30T11:12:32"}, "roocs:subset_hurs_1_4ec3d0e7-465b-4079-83c8-bc128a202a8c": {"prov:type": {"$": "provone:Execution", "type": "prov:QUALIFIED_NAME"}, "prov:label": "subset_hurs_1", "roocs:time": "2100/2100", "roocs:time_components": "year:2100|month:jan,feb,mar,apr,may,jun,jul,aug,sep,oct,nov,dec", "roocs:area": "20,-30,60,-10", "roocs:apply_fixes": false}}, "wasAssociatedWith": {"_:id2": {"prov:activity": "roocs:orchestrate_63809de1-ee9c-4b1d-98d4-094ceebfd61f", "prov:agent": "roocs:rook_v0.9.1", "prov:plan": "roocs:workflow_63809de1-ee9c-4b1d-98d4-094ceebfd61f"}, "_:id3": {"prov:activity": "roocs:subset_hurs_1_4ec3d0e7-465b-4079-83c8-bc128a202a8c", "prov:agent": "roocs:daops_v0.8.1", "prov:plan": "roocs:workflow_63809de1-ee9c-4b1d-98d4-094ceebfd61f"}}, "wasDerivedFrom": {"_:id4": {"prov:generatedEntity": "roocs:hurs_Amon_EC-Earth3-CC_ssp585_r1i1p1f1_gr_21000116-21001216.nc", "prov:usedEntity": "roocs:c3s-cmip6.ScenarioMIP.EC-Earth-Consortium.EC-Earth3-CC.ssp585.r1i1p1f1.Amon.hurs.gr.v20210113", "prov:activity": "roocs:subset_hurs_1_4ec3d0e7-465b-4079-83c8-bc128a202a8c"}}}