{"prefix": {"roocs": "urn:roocs:", "provone": "http://purl.dataone.org/provone/2015/01/15/ontology#", "dcterms": "http://purl.org/dc/terms/"}, "agent": {"roocs:C3S_CDS": {"prov:type": {"$": "prov:Organization", "type": "prov:QUALIFIED_NAME"}, "prov:label": "Copernicus Climate Data Store", "dcterms:source": "https://cds.climate.copernicus.eu"}, "roocs:rook_v0.9.2": {"prov:type": {"$": "prov:SoftwareAgent", "type": "prov:QUALIFIED_NAME"}, "prov:label": "Rook", "dcterms:source": "https://github.com/roocs/rook/releases/tag/v0.9.2"}, "roocs:daops_v0.8.1": {"prov:type": {"$": "prov:SoftwareAgent", "type": "prov:QUALIFIED_NAME"}, "prov:label": "DAOPS", "dcterms:source": "https://github.com/roocs/daops/releases/tag/v0.8.1"}}, "wasAttributedTo": {"_:id1": {"prov:entity": "roocs:rook_v0.9.2", "prov:agent": "roocs:C3S_CDS"}}, "entity": {"roocs:workflow_cc439daa-c11f-4673-ae92-bc3abcfce40e": {"prov:type": {"$": "provone:Workflow", "type": "prov:QUALIFIED_NAME"}}, "roocs:c3s-cmip6.ScenarioMIP.CSIRO-ARCCSS.ACCESS-CM2.ssp126.r1i1p1f1.Amon.rsds.gn.v20191108": {"prov:type": {"$": "provone:Data", "type": "prov:QUALIFIED_NAME"}, "prov:label": "c3s-cmip6.ScenarioMIP.CSIRO-ARCCSS.ACCESS-CM2.ssp126.r1i1p1f1.Amon.rsds.gn.v20191108"}, "roocs:rsds_Amon_ACCESS-CM2_ssp126_r1i1p1f1_gn_20150116-20161216.nc": {"prov:type": {"$": "provone:Data", "type": "prov:QUALIFIED_NAME"}, "prov:label": "rsds_Amon_ACCESS-CM2_ssp126_r1i1p1f1_gn_20150116-20161216.nc"}}, "activity": {"roocs:orchestrate_cc439daa-c11f-4673-ae92-bc3abcfce40e": {"prov:type": {"$": "provone:Execution", "type": "prov:QUALIFIED_NAME"}, "prov:label": "orchestrate", "prov:startTime": "2023-05-04T20:14:29", "prov:endTime": "2023-05-04T20:14:30"}, "roocs:subset_rsds_1_8b7134f9-58e1-495d-adf4-cbf599e57af9": {"prov:type": {"$": "provone:Execution", "type": "prov:QUALIFIED_NAME"}, "prov:label": "subset_rsds_1", "roocs:time": "2015/2016", "roocs:time_components": "year:2015,2016|month:jan,feb,mar,apr,may,jun,jul,aug,sep,oct,nov,dec", "roocs:area": "17.923000000000002,-4.422000000000001,57.923,-24.422", "roocs:apply_fixes": false}}, "wasAssociatedWith": {"_:id2": {"prov:activity": "roocs:orchestrate_cc439daa-c11f-4673-ae92-bc3abcfce40e", "prov:agent": "roocs:rook_v0.9.2", "prov:plan": "roocs:workflow_cc439daa-c11f-4673-ae92-bc3abcfce40e"}, "_:id3": {"prov:activity": "roocs:subset_rsds_1_8b7134f9-58e1-495d-adf4-cbf599e57af9", "prov:agent": "roocs:daops_v0.8.1", "prov:plan": "roocs:workflow_cc439daa-c11f-4673-ae92-bc3abcfce40e"}}, "wasDerivedFrom": {"_:id4": {"prov:generatedEntity": "roocs:rsds_Amon_ACCESS-CM2_ssp126_r1i1p1f1_gn_20150116-20161216.nc", "prov:usedEntity": "roocs:c3s-cmip6.ScenarioMIP.CSIRO-ARCCSS.ACCESS-CM2.ssp126.r1i1p1f1.Amon.rsds.gn.v20191108", "prov:activity": "roocs:subset_rsds_1_8b7134f9-58e1-495d-adf4-cbf599e57af9"}}}