{"prefix": {"roocs": "urn:roocs:", "provone": "http://purl.dataone.org/provone/2015/01/15/ontology#", "dcterms": "http://purl.org/dc/terms/"}, "agent": {"roocs:C3S_CDS": {"prov:type": {"$": "prov:Organization", "type": "prov:QUALIFIED_NAME"}, "prov:label": "Copernicus Climate Data Store", "dcterms:source": "https://cds.climate.copernicus.eu"}, "roocs:rook_v0.9.1": {"prov:type": {"$": "prov:SoftwareAgent", "type": "prov:QUALIFIED_NAME"}, "prov:label": "Rook", "dcterms:source": "https://github.com/roocs/rook/releases/tag/v0.9.1"}, "roocs:daops_v0.8.1": {"prov:type": {"$": "prov:SoftwareAgent", "type": "prov:QUALIFIED_NAME"}, "prov:label": "DAOPS", "dcterms:source": "https://github.com/roocs/daops/releases/tag/v0.8.1"}}, "wasAttributedTo": {"_:id1": {"prov:entity": "roocs:rook_v0.9.1", "prov:agent": "roocs:C3S_CDS"}}, "entity": {"roocs:workflow_26656bc8-0953-4338-bbae-c50ab3494601": {"prov:type": {"$": "provone:Workflow", "type": "prov:QUALIFIED_NAME"}}, "roocs:c3s-cmip6.ScenarioMIP.CAMS.CAMS-CSM1-0.ssp126.r1i1p1f1.Amon.rsds.gn.v20190708": {"prov:type": {"$": "provone:Data", "type": "prov:QUALIFIED_NAME"}, "prov:label": "c3s-cmip6.ScenarioMIP.CAMS.CAMS-CSM1-0.ssp126.r1i1p1f1.Amon.rsds.gn.v20190708"}, "roocs:rsds_Amon_CAMS-CSM1-0_ssp126_r1i1p1f1_gn_20160116-20171216.nc": {"prov:type": {"$": "provone:Data", "type": "prov:QUALIFIED_NAME"}, "prov:label": "rsds_Amon_CAMS-CSM1-0_ssp126_r1i1p1f1_gn_20160116-20171216.nc"}}, "activity": {"roocs:orchestrate_26656bc8-0953-4338-bbae-c50ab3494601": {"prov:type": {"$": "provone:Execution", "type": "prov:QUALIFIED_NAME"}, "prov:label": "orchestrate", "prov:startTime": "2023-05-04T18:42:09", "prov:endTime": "2023-05-04T18:43:12"}, "roocs:subset_rsds_1_8be4c5e9-82d2-4051-b1c5-7786fc60d55f": {"prov:type": {"$": "provone:Execution", "type": "prov:QUALIFIED_NAME"}, "prov:label": "subset_rsds_1", "roocs:time": "2016/2017", "roocs:time_components": "year:2016,2017|month:jan,feb,mar,apr,may,jun,jul,aug,sep,oct,nov,dec", "roocs:area": "-11.118071982805901,28.651626296341398,38.6516262963414,-21.1180719828059", "roocs:apply_fixes": false}}, "wasAssociatedWith": {"_:id2": {"prov:activity": "roocs:orchestrate_26656bc8-0953-4338-bbae-c50ab3494601", "prov:agent": "roocs:rook_v0.9.1", "prov:plan": "roocs:workflow_26656bc8-0953-4338-bbae-c50ab3494601"}, "_:id3": {"prov:activity": "roocs:subset_rsds_1_8be4c5e9-82d2-4051-b1c5-7786fc60d55f", "prov:agent": "roocs:daops_v0.8.1", "prov:plan": "roocs:workflow_26656bc8-0953-4338-bbae-c50ab3494601"}}, "wasDerivedFrom": {"_:id4": {"prov:generatedEntity": "roocs:rsds_Amon_CAMS-CSM1-0_ssp126_r1i1p1f1_gn_20160116-20171216.nc", "prov:usedEntity": "roocs:c3s-cmip6.ScenarioMIP.CAMS.CAMS-CSM1-0.ssp126.r1i1p1f1.Amon.rsds.gn.v20190708", "prov:activity": "roocs:subset_rsds_1_8be4c5e9-82d2-4051-b1c5-7786fc60d55f"}}}