{"prefix": {"roocs": "urn:roocs:", "provone": "http://purl.dataone.org/provone/2015/01/15/ontology#", "dcterms": "http://purl.org/dc/terms/"}, "agent": {"roocs:C3S_CDS": {"prov:type": {"$": "prov:Organization", "type": "prov:QUALIFIED_NAME"}, "prov:label": "Copernicus Climate Data Store", "dcterms:source": "https://cds.climate.copernicus.eu"}, "roocs:rook_v0.9.1": {"prov:type": {"$": "prov:SoftwareAgent", "type": "prov:QUALIFIED_NAME"}, "prov:label": "Rook", "dcterms:source": "https://github.com/roocs/rook/releases/tag/v0.9.1"}, "roocs:daops_v0.8.1": {"prov:type": {"$": "prov:SoftwareAgent", "type": "prov:QUALIFIED_NAME"}, "prov:label": "DAOPS", "dcterms:source": "https://github.com/roocs/daops/releases/tag/v0.8.1"}}, "wasAttributedTo": {"_:id1": {"prov:entity": "roocs:rook_v0.9.1", "prov:agent": "roocs:C3S_CDS"}}, "entity": {"roocs:workflow_e92dc615-f2be-4f43-8246-a03fc311acfe": {"prov:type": {"$": "provone:Workflow", "type": "prov:QUALIFIED_NAME"}}, "roocs:c3s-cmip6.ScenarioMIP.CSIRO-ARCCSS.ACCESS-CM2.ssp126.r1i1p1f1.day.sfcWind.gn.v20191108": {"prov:type": {"$": "provone:Data", "type": "prov:QUALIFIED_NAME"}, "prov:label": "c3s-cmip6.ScenarioMIP.CSIRO-ARCCSS.ACCESS-CM2.ssp126.r1i1p1f1.day.sfcWind.gn.v20191108"}, "roocs:sfcWind_day_ACCESS-CM2_ssp126_r1i1p1f1_gn_20980101-20991231.nc": {"prov:type": {"$": "provone:Data", "type": "prov:QUALIFIED_NAME"}, "prov:label": "sfcWind_day_ACCESS-CM2_ssp126_r1i1p1f1_gn_20980101-20991231.nc"}}, "activity": {"roocs:orchestrate_e92dc615-f2be-4f43-8246-a03fc311acfe": {"prov:type": {"$": "provone:Execution", "type": "prov:QUALIFIED_NAME"}, "prov:label": "orchestrate", "prov:startTime": "2023-04-21T10:37:21", "prov:endTime": "2023-04-21T10:37:39"}, "roocs:subset_sfcWind_1_950533cf-7328-4732-a439-23fbdf4264cd": {"prov:type": {"$": "provone:Execution", "type": "prov:QUALIFIED_NAME"}, "prov:label": "subset_sfcWind_1", "roocs:time": "2098/2099", "roocs:time_components": "year:2098,2099|month:jan,feb,mar,apr,may,jun,jul,aug,sep,oct,nov,dec|day:01,02,03,04,05,06,07,08,09,10,11,12,13,14,15,16,17,18,19,20,21,22,23,24,25,26,27,28,29,30,31", "roocs:area": "-11.118071982805901,28.651626296341398,38.6516262963414,-21.1180719828059", "roocs:apply_fixes": false}}, "wasAssociatedWith": {"_:id2": {"prov:activity": "roocs:orchestrate_e92dc615-f2be-4f43-8246-a03fc311acfe", "prov:agent": "roocs:rook_v0.9.1", "prov:plan": "roocs:workflow_e92dc615-f2be-4f43-8246-a03fc311acfe"}, "_:id3": {"prov:activity": "roocs:subset_sfcWind_1_950533cf-7328-4732-a439-23fbdf4264cd", "prov:agent": "roocs:daops_v0.8.1", "prov:plan": "roocs:workflow_e92dc615-f2be-4f43-8246-a03fc311acfe"}}, "wasDerivedFrom": {"_:id4": {"prov:generatedEntity": "roocs:sfcWind_day_ACCESS-CM2_ssp126_r1i1p1f1_gn_20980101-20991231.nc", "prov:usedEntity": "roocs:c3s-cmip6.ScenarioMIP.CSIRO-ARCCSS.ACCESS-CM2.ssp126.r1i1p1f1.day.sfcWind.gn.v20191108", "prov:activity": "roocs:subset_sfcWind_1_950533cf-7328-4732-a439-23fbdf4264cd"}}}