{"prefix": {"roocs": "urn:roocs:", "provone": "http://purl.dataone.org/provone/2015/01/15/ontology#", "dcterms": "http://purl.org/dc/terms/"}, "agent": {"roocs:C3S_CDS": {"prov:type": {"$": "prov:Organization", "type": "prov:QUALIFIED_NAME"}, "prov:label": "Copernicus Climate Data Store", "dcterms:source": "https://cds.climate.copernicus.eu"}, "roocs:rook_v0.9.1": {"prov:type": {"$": "prov:SoftwareAgent", "type": "prov:QUALIFIED_NAME"}, "prov:label": "Rook", "dcterms:source": "https://github.com/roocs/rook/releases/tag/v0.9.1"}, "roocs:daops_v0.8.1": {"prov:type": {"$": "prov:SoftwareAgent", "type": "prov:QUALIFIED_NAME"}, "prov:label": "DAOPS", "dcterms:source": "https://github.com/roocs/daops/releases/tag/v0.8.1"}}, "wasAttributedTo": {"_:id1": {"prov:entity": "roocs:rook_v0.9.1", "prov:agent": "roocs:C3S_CDS"}}, "entity": {"roocs:workflow_a5f5fc40-5c20-469c-95b2-057b64c6c013": {"prov:type": {"$": "provone:Workflow", "type": "prov:QUALIFIED_NAME"}}, "roocs:c3s-cmip6.ScenarioMIP.MRI.MRI-ESM2-0.ssp126.r1i1p1f1.Amon.rsds.gn.v20191108": {"prov:type": {"$": "provone:Data", "type": "prov:QUALIFIED_NAME"}, "prov:label": "c3s-cmip6.ScenarioMIP.MRI.MRI-ESM2-0.ssp126.r1i1p1f1.Amon.rsds.gn.v20191108"}, "roocs:rsds_Amon_MRI-ESM2-0_ssp126_r1i1p1f1_gn_20160116-20991216.nc": {"prov:type": {"$": "provone:Data", "type": "prov:QUALIFIED_NAME"}, "prov:label": "rsds_Amon_MRI-ESM2-0_ssp126_r1i1p1f1_gn_20160116-20991216.nc"}}, "activity": {"roocs:orchestrate_a5f5fc40-5c20-469c-95b2-057b64c6c013": {"prov:type": {"$": "provone:Execution", "type": "prov:QUALIFIED_NAME"}, "prov:label": "orchestrate", "prov:startTime": "2023-05-18T02:27:23", "prov:endTime": "2023-05-18T02:27:54"}, "roocs:subset_rsds_1_30dadb6d-1461-4f25-bce8-3c57acdd176a": {"prov:type": {"$": "provone:Execution", "type": "prov:QUALIFIED_NAME"}, "prov:label": "subset_rsds_1", "roocs:time": "2016/2099", "roocs:time_components": "year:2016,2017,2018,2019,2020,2021,2022,2023,2024,2025,2026,2027,2028,2029,2030,2031,2032,2033,2034,2035,2036,2037,2038,2039,2040,2041,2042,2043,2044,2045,2046,2047,2048,2049,2050,2051,2052,2053,2054,2055,2056,2057,2058,2059,2060,2061,2062,2063,2064,2065,2066,2067,2068,2069,2070,2071,2072,2073,2074,2075,2076,2077,2078,2079,2080,2081,2082,2083,2084,2085,2086,2087,2088,2089,2090,2091,2092,2093,2094,2095,2096,2097,2098,2099|month:jan,feb,mar,apr,may,jun,jul,aug,sep,oct,nov,dec", "roocs:area": "-11.118071982805901,28.651626296341398,38.6516262963414,-21.1180719828059", "roocs:apply_fixes": false}}, "wasAssociatedWith": {"_:id2": {"prov:activity": "roocs:orchestrate_a5f5fc40-5c20-469c-95b2-057b64c6c013", "prov:agent": "roocs:rook_v0.9.1", "prov:plan": "roocs:workflow_a5f5fc40-5c20-469c-95b2-057b64c6c013"}, "_:id3": {"prov:activity": "roocs:subset_rsds_1_30dadb6d-1461-4f25-bce8-3c57acdd176a", "prov:agent": "roocs:daops_v0.8.1", "prov:plan": "roocs:workflow_a5f5fc40-5c20-469c-95b2-057b64c6c013"}}, "wasDerivedFrom": {"_:id4": {"prov:generatedEntity": "roocs:rsds_Amon_MRI-ESM2-0_ssp126_r1i1p1f1_gn_20160116-20991216.nc", "prov:usedEntity": "roocs:c3s-cmip6.ScenarioMIP.MRI.MRI-ESM2-0.ssp126.r1i1p1f1.Amon.rsds.gn.v20191108", "prov:activity": "roocs:subset_rsds_1_30dadb6d-1461-4f25-bce8-3c57acdd176a"}}}