{"prefix": {"roocs": "urn:roocs:", "provone": "http://purl.dataone.org/provone/2015/01/15/ontology#", "dcterms": "http://purl.org/dc/terms/"}, "agent": {"roocs:C3S_CDS": {"prov:type": {"$": "prov:Organization", "type": "prov:QUALIFIED_NAME"}, "prov:label": "Copernicus Climate Data Store", "dcterms:source": "https://cds.climate.copernicus.eu"}, "roocs:rook_v0.9.2": {"prov:type": {"$": "prov:SoftwareAgent", "type": "prov:QUALIFIED_NAME"}, "prov:label": "Rook", "dcterms:source": "https://github.com/roocs/rook/releases/tag/v0.9.2"}, "roocs:daops_v0.8.1": {"prov:type": {"$": "prov:SoftwareAgent", "type": "prov:QUALIFIED_NAME"}, "prov:label": "DAOPS", "dcterms:source": "https://github.com/roocs/daops/releases/tag/v0.8.1"}}, "wasAttributedTo": {"_:id1": {"prov:entity": "roocs:rook_v0.9.2", "prov:agent": "roocs:C3S_CDS"}}, "entity": {"roocs:workflow_ebbc05f1-d013-46dc-9b77-3df9124e0d2d": {"prov:type": {"$": "provone:Workflow", "type": "prov:QUALIFIED_NAME"}}, "roocs:c3s-cmip6.ScenarioMIP.MPI-M.MPI-ESM1-2-LR.ssp585.r1i1p1f1.day.sfcWind.gn.v20190710": {"prov:type": {"$": "provone:Data", "type": "prov:QUALIFIED_NAME"}, "prov:label": "c3s-cmip6.ScenarioMIP.MPI-M.MPI-ESM1-2-LR.ssp585.r1i1p1f1.day.sfcWind.gn.v20190710"}, "roocs:sfcWind_day_MPI-ESM1-2-LR_ssp585_r1i1p1f1_gn_21000101-21001231.nc": {"prov:type": {"$": "provone:Data", "type": "prov:QUALIFIED_NAME"}, "prov:label": "sfcWind_day_MPI-ESM1-2-LR_ssp585_r1i1p1f1_gn_21000101-21001231.nc"}}, "activity": {"roocs:orchestrate_ebbc05f1-d013-46dc-9b77-3df9124e0d2d": {"prov:type": {"$": "provone:Execution", "type": "prov:QUALIFIED_NAME"}, "prov:label": "orchestrate", "prov:startTime": "2023-03-29T11:35:06", "prov:endTime": "2023-03-29T11:35:08"}, "roocs:subset_sfcWind_1_0f0f955d-525e-4488-9334-269b53efcc11": {"prov:type": {"$": "provone:Execution", "type": "prov:QUALIFIED_NAME"}, "prov:label": "subset_sfcWind_1", "roocs:time": "2100/2100", "roocs:time_components": "year:2100|month:jan,feb,mar,apr,may,jun,jul,aug,sep,oct,nov,dec|day:01,02,03,04,05,06,07,08,09,10,11,12,13,14,15,16,17,18,19,20,21,22,23,24,25,26,27,28,29,30,31", "roocs:area": "20,-30,60,-10", "roocs:apply_fixes": false}}, "wasAssociatedWith": {"_:id2": {"prov:activity": "roocs:orchestrate_ebbc05f1-d013-46dc-9b77-3df9124e0d2d", "prov:agent": "roocs:rook_v0.9.2", "prov:plan": "roocs:workflow_ebbc05f1-d013-46dc-9b77-3df9124e0d2d"}, "_:id3": {"prov:activity": "roocs:subset_sfcWind_1_0f0f955d-525e-4488-9334-269b53efcc11", "prov:agent": "roocs:daops_v0.8.1", "prov:plan": "roocs:workflow_ebbc05f1-d013-46dc-9b77-3df9124e0d2d"}}, "wasDerivedFrom": {"_:id4": {"prov:generatedEntity": "roocs:sfcWind_day_MPI-ESM1-2-LR_ssp585_r1i1p1f1_gn_21000101-21001231.nc", "prov:usedEntity": "roocs:c3s-cmip6.ScenarioMIP.MPI-M.MPI-ESM1-2-LR.ssp585.r1i1p1f1.day.sfcWind.gn.v20190710", "prov:activity": "roocs:subset_sfcWind_1_0f0f955d-525e-4488-9334-269b53efcc11"}}}