{"prefix": {"roocs": "urn:roocs:", "provone": "http://purl.dataone.org/provone/2015/01/15/ontology#", "dcterms": "http://purl.org/dc/terms/"}, "agent": {"roocs:C3S_CDS": {"prov:type": {"$": "prov:Organization", "type": "prov:QUALIFIED_NAME"}, "prov:label": "Copernicus Climate Data Store", "dcterms:source": "https://cds.climate.copernicus.eu"}, "roocs:rook_v0.9.2": {"prov:type": {"$": "prov:SoftwareAgent", "type": "prov:QUALIFIED_NAME"}, "prov:label": "Rook", "dcterms:source": "https://github.com/roocs/rook/releases/tag/v0.9.2"}, "roocs:daops_v0.8.1": {"prov:type": {"$": "prov:SoftwareAgent", "type": "prov:QUALIFIED_NAME"}, "prov:label": "DAOPS", "dcterms:source": "https://github.com/roocs/daops/releases/tag/v0.8.1"}}, "wasAttributedTo": {"_:id1": {"prov:entity": "roocs:rook_v0.9.2", "prov:agent": "roocs:C3S_CDS"}}, "entity": {"roocs:workflow_7dae6189-1cf4-4e25-8cf4-b18469abea02": {"prov:type": {"$": "provone:Workflow", "type": "prov:QUALIFIED_NAME"}}, "roocs:c3s-cmip6.ScenarioMIP.AWI.AWI-CM-1-1-MR.ssp585.r1i1p1f1.day.sfcWind.gn.v20190529": {"prov:type": {"$": "provone:Data", "type": "prov:QUALIFIED_NAME"}, "prov:label": "c3s-cmip6.ScenarioMIP.AWI.AWI-CM-1-1-MR.ssp585.r1i1p1f1.day.sfcWind.gn.v20190529"}, "roocs:sfcWind_day_AWI-CM-1-1-MR_ssp585_r1i1p1f1_gn_21000101-21001231.nc": {"prov:type": {"$": "provone:Data", "type": "prov:QUALIFIED_NAME"}, "prov:label": "sfcWind_day_AWI-CM-1-1-MR_ssp585_r1i1p1f1_gn_21000101-21001231.nc"}}, "activity": {"roocs:orchestrate_7dae6189-1cf4-4e25-8cf4-b18469abea02": {"prov:type": {"$": "provone:Execution", "type": "prov:QUALIFIED_NAME"}, "prov:label": "orchestrate", "prov:startTime": "2023-03-29T13:37:32", "prov:endTime": "2023-03-29T13:37:35"}, "roocs:subset_sfcWind_1_73b88736-36d0-44e4-adf6-e369362f5322": {"prov:type": {"$": "provone:Execution", "type": "prov:QUALIFIED_NAME"}, "prov:label": "subset_sfcWind_1", "roocs:time": "2100/2100", "roocs:time_components": "year:2100|month:jan,feb,mar,apr,may,jun,jul,aug,sep,oct,nov,dec|day:01,02,03,04,05,06,07,08,09,10,11,12,13,14,15,16,17,18,19,20,21,22,23,24,25,26,27,28,29,30,31", "roocs:area": "20,-30,60,-10", "roocs:apply_fixes": false}}, "wasAssociatedWith": {"_:id2": {"prov:activity": "roocs:orchestrate_7dae6189-1cf4-4e25-8cf4-b18469abea02", "prov:agent": "roocs:rook_v0.9.2", "prov:plan": "roocs:workflow_7dae6189-1cf4-4e25-8cf4-b18469abea02"}, "_:id3": {"prov:activity": "roocs:subset_sfcWind_1_73b88736-36d0-44e4-adf6-e369362f5322", "prov:agent": "roocs:daops_v0.8.1", "prov:plan": "roocs:workflow_7dae6189-1cf4-4e25-8cf4-b18469abea02"}}, "wasDerivedFrom": {"_:id4": {"prov:generatedEntity": "roocs:sfcWind_day_AWI-CM-1-1-MR_ssp585_r1i1p1f1_gn_21000101-21001231.nc", "prov:usedEntity": "roocs:c3s-cmip6.ScenarioMIP.AWI.AWI-CM-1-1-MR.ssp585.r1i1p1f1.day.sfcWind.gn.v20190529", "prov:activity": "roocs:subset_sfcWind_1_73b88736-36d0-44e4-adf6-e369362f5322"}}}